<?xml version="1.0" encoding="UTF-8"?>
<project-private xmlns="http://www.netbeans.org/ns/project-private/1">
    <editor-bookmarks xmlns="http://www.netbeans.org/ns/editor-bookmarks/2" lastBookmarkId="0"/>
    <open-files xmlns="http://www.netbeans.org/ns/projectui-open-files/2">
        <group>
            <file>file:/C:/Users/salsi_salsa/Documents/Aplikasi_Laundry/Aplikasi_Laundry/src/Laundry/Login.java</file>
            <file>file:/C:/Users/salsi_salsa/Documents/Aplikasi_Laundry/Aplikasi_Laundry/src/Laundry/Laporan.java</file>
            <file>file:/C:/Users/salsi_salsa/Documents/Aplikasi_Laundry/Aplikasi_Laundry/src/Laundry/DashboardMenuUtama.java</file>
            <file>file:/C:/Users/salsi_salsa/Documents/Aplikasi_Laundry/Aplikasi_Laundry/src/Laundry/PembayaranLaundry.java</file>
            <file>file:/C:/Users/salsi_salsa/Documents/Aplikasi_Laundry/Aplikasi_Laundry/src/Laundry/PesananLaundry.java</file>
            <file>file:/C:/Users/salsi_salsa/Documents/Aplikasi_Laundry/Aplikasi_Laundry/src/Laundry/koneksi.java</file>
        </group>
    </open-files>
</project-private>
